id;type;description;date;status
f07ae867-59a7-4e64-a897-f9b9dbc082ca;interestingly pant snoopy;of;1976-05-31;IN_PROGRESS
825d02a5-14b3-49c2-bbb3-8627f7e64fe6;blank;eminent academics whose;1976-06-01;IN_PROGRESS
b14cab2f-3c9c-42f2-b81f-aa4222671e1f;legging zowie;brr far minor;1976-06-01;IN_PROGRESS
d9e65e97-2a5a-4785-808f-5224fd1e84a4;extent quadruple worthless;tough trusty;1976-05-31;IN_PROGRESS
457d38e9-a4fb-4387-90bd-449d952612d2;banish;boiling;1976-05-31;IN_PROGRESS
1951c39b-08a0-4988-8c26-53ea1008e05a;in astride amongst;drat worth;1976-05-31;RESOLVED
05b460bb-b042-4274-adaf-51d2ac94a1d1;ew where chase;ectoderm consequently ha;1976-06-01;IN_PROGRESS
16e91404-9585-42ab-9bb6-ae041f5b6456;flat muted;even horn those;1976-06-01;IN_PROGRESS
00894d9d-ab4c-4627-9615-8b0aa8217f9b;until;underneath travel;1976-05-31;IN_PROGRESS
ae4c1539-406a-4f99-b97a-e0b4b04a66c1;frivolous;instead minus;1976-06-01;RESOLVED
