id;last_name;first_name;identity_type;identity_number;identity_emission_date;birth_date;birth_place;identity_issue_date;identity_place_of_issue;marital_status;nbr_ofchildren;professional_email;personal_email;primary_phone_number;secondary_phone_number;fax_number;nationality;gender;job_title;professional_status;bank;agency;rib;driving_license_number;driving_license_issue_date;driving_license_category
9c6b1fa7-b628-4e52-b7d8-379d135042d7;Kuvalis;Angelo;PASSPORT;generally zowie ah;1976-06-01;1976-06-01;dime;1976-06-01;fishery yearly;SINGLE;25844;righteously;claw aha;twin;monstrous psst;consequently physically swat;lively fixed;FEMALE;Internal Functionality Facilitator;SELF_EMPLOYED;frenetically;strange;utilized puff;statue cleave;1976-06-01;via
ecb79fb5-f74c-47b1-8c66-4f4e45827880;Reichert;Donnell;CIN;turbulent sans even;1976-06-01;1976-05-31;birth er;1976-05-31;within politely;MARRIED;27804;what hyena lovingly;clamor kiddingly at;near disconnection;grizzled quaintly;only challenge vein;verve woot shoulder;MALE;Global Integration Architect;SELF_EMPLOYED;lock since spork;corral;cautiously as happy-go-lucky;for;1976-06-01;huzzah
c0c060b9-d48d-41a2-a39c-4ecc02a68104;Thiel;Kyler;PASSPORT;geez careless;1976-06-01;1976-06-01;brr indeed wrathful;1976-06-01;oh slow;DIVORCED;29300;cap;investigate;where gadzooks now;ouch unscramble tenant;how;near;MALE;Future Applications Planner;SELF_EMPLOYED;vol;issue;voluminous boo quickly;starch;1976-06-01;folklore
46307163-b983-49e0-a097-52f00379f8cd;Haley;Lyda;CIN;consequently reluctantly chapel;1976-06-01;1976-06-01;designation;1976-06-01;furthermore gee;WIDOWED;6500;lampoon;psst flight;appropriate character which;excitable upon excepting;brace never instead;knife develop diligent;FEMALE;Direct Operations Architect;EMPLOYEE;jubilantly railway;ew;entry excluding;hm;1976-06-01;schlep
fc879738-29e1-4978-876c-2eea1a81d0f5;Barton;Cleveland;PASSPORT;near;1976-06-01;1976-06-01;muffled;1976-06-01;helplessly whether quiet;DIVORCED;548;kindly besides amid;jaggedly;drat;border;wherever hm fat;assured;MALE;Future Operations Agent;SELF_EMPLOYED;viciously notwithstanding deliquesce;dependent;hence grizzled;zowie tremendously;1976-06-01;since
b677c6a8-b51c-46d6-b8d1-1bd1b1c73c7e;Jacobson;Trudie;PASSPORT;why;1976-06-01;1976-06-01;follower um;1976-06-01;whoa majestically boo;DIVORCED;29733;until;psst;onto quickly instead;patiently or;resolve er;cannibalise faraway schematise;FEMALE;District Data Producer;SELF_EMPLOYED;spice pronoun armoire;beside;ha;furthermore geez;1976-06-01;sans afore usually
72fed24a-ee15-47d6-a3bf-bf9f25e225e9;Kunze-Franey;Dasia;CIN;whisper splosh;1976-05-31;1976-06-01;even;1976-06-01;continually infinite improbable;SINGLE;18500;unconscious mid plan;pike;without;source owlishly;always boo;gee bright whole;MALE;Central Tactics Agent;SELF_EMPLOYED;likewise sidetrack hefty;toward failing;giving pile uh-huh;blah neatly;1976-05-31;oof rarely
4cb50137-7210-4a2d-8897-522c81e671bf;Kerluke;Jovany;CIN;who boohoo;1976-06-01;1976-06-01;far during ew;1976-06-01;bitterly boggle unbearably;DIVORCED;7766;proliferate boo seal;teammate;afford uh-huh er;so necklace;incidentally;mmm;MALE;District Research Facilitator;EMPLOYEE;confide;willfully supposing despite;tremendously atop;disapprove quicker uh-huh;1976-06-01;litter ugh
873004de-3100-4bda-b33d-7288298708fa;Kautzer;Gudrun;CIN;pro hmph clumsy;1976-06-01;1976-06-01;harvest gah;1976-06-01;refine however;DIVORCED;3492;times lost;but;supposing;how antagonize and;psst;hype;FEMALE;Senior Research Assistant;SELF_EMPLOYED;outside;although incidentally uh-huh;sleet;black raw inside;1976-06-01;scarification clear-cut
fa6f60a9-6955-4492-ab4f-05b9bdaeb41e;Kirlin;Trycia;PASSPORT;absent;1976-06-01;1976-06-01;duh ornery;1976-06-01;reconsideration whether;SINGLE;18436;annually internal;singe convince;anti;greatly;afore compromise;total;FEMALE;Direct Paradigm Technician;EMPLOYEE;brr;seemingly skeleton;an swordfish;oddly chip;1976-06-01;versus past
