id;name;doc_path;type;requested_doc_type;creation_date
4e6bab68-8334-445a-9cdc-b8d09c3cec58;warmly whose optimistically;nervous;REQUESTED_FILE;TECHNICAL_INSPECTION;1976-06-01
37ae3980-91f9-401b-92d1-97aa66c9a213;secularize phew;option if;REQUESTED_FILE;VEHICLE_REGISTRATION;1976-06-01
8ad8e0dc-b41d-47a7-9a02-5bf95963915a;times even;helpless messy woot;REQUESTED_FILE;DRIVING_LICENSE;1976-06-01
dec3957b-b07d-47a8-9893-0a29693a23a4;right yowza elevation;sick meal unnecessarily;REQUESTED_FILE;VEHICLE_REGISTRATION;1976-06-01
446bcc6a-aa85-438c-a55b-c5561154cbc9;nor;a undergo;REQUESTED_FILE;DRIVING_LICENSE;1976-06-01
e90d9651-0d6d-4527-93a0-368f73c2bde2;humor eek gah;zowie;GENERATED_FILE;DRIVING_LICENSE;1976-05-31
3dda9fcf-b581-476d-a9ea-15311831fee4;though drat anti;stormy tabletop brr;GENERATED_FILE;TECHNICAL_INSPECTION;1976-06-01
2d0668ec-31a4-4de4-996a-b53b917e618c;impartial yowza;phooey;GENERATED_FILE;DRIVING_LICENSE;1976-06-01
835109b3-98d1-4744-9499-ac82d364880c;honesty;fully gadzooks;GENERATED_FILE;CIN;1976-06-01
93a88eb8-2966-4828-bc8c-6726598f13cb;huzzah smoke;truly facilitate misguided;GENERATED_FILE;CIN;1976-06-01
